Address,Zip Code
2020 Imperial Ave,95616
1871 Imperial Ave,95616
1844 Imperial Ave,95616
1841 Imperial Ave,95616
1835 Imperial Ave,95616
1832 Imperial Ave,95616
1814 Imperial Ave,95616
1839 Humboldt Ave,95616
2045 Humboldt Ave,95616
2112 Humboldt Ave,95616
2118 Humboldt Ave,95616
2147 Humboldt Ave,95616
1678 Colusa Ave,95616
1662 Colusa Ave,95616
1658 Colusa Ave,95616
1642 Colusa Ave,95616
1630 Colusa Ave,95616
1615 Colusa Ave,95616
1603 Colusa Ave,95616
1017 Arthur St,95616
902 Arthur St,95616
837 Burr St,95616
843 Burr St,95616
1002 Burr St,95616
1007 Burr St,95616
1807 Glenn Pl,95616
1813 Glenn Pl,95616
1800 Glenn Pl,95616
1916 Glenn Pl,95616
1922 Glenn Pl,95616
1910 Glenn Pl,95616
1927 El Dorado Pl,95616
1915 El Dorado Pl,95616
1943 Calaveras Ave,95616
2016 Calaveras Ave,95616
2046 Calaveras Ave,95616
2108 Calaveras,95616
2211 Amador Ave,95616
2205 Amador Ave,95616
2113 Amador Ave,95616
2204 Amador Ave,95616
2010 Amador Ave,95616
1928 Amador Ave,95616
1919 Amador Ave,95616
1901 Amador Ave,95616
1812 Amador Ave,95616
1819 Amador Ave,95616
3427 Morro Bay Ave,95616
3428 Morro Bay Ave,95616
3422 Morro Bay Ave,95616
3416 Morro Bay Ave,95616
1817 Farallon St,95616
3319 Morro Bay Ave,95616
3320 Morro Bay Ave,95616
3209 Morro Bay Ave,95616
3204 Morro Bay Ave,95616
3210 Morro Bay Ave,95616
3325 Seabright Ave,95616
1800 Astoria St,95616
3430 Seabright Ave,95616
3424 Seabright Ave,95616
3332 Seabright Ave,95616
3326 Seabright Ave,95616
3320 Seabright Ave,95616
1708 Astoria St,95616
3433 Oyster Bay Ave,95616
3461 Oyster Bay Ave,95616
3454 Oyster Bay Ave,95616
3460 Oyster Bay Ave,95616
3484 Oyster Bay Ave,95616
3413 Oyster Bay Ave,95616
3317 Oyster Bay Ave,95616
3320 Oyster Bay Ave,95616
3314 Oyster Bay Ave ,95616
3241 Oyster Bay Ave,95616
3351 Chesapeake Bay Ave,95616
3350 Chesapeake Bay Ave,95616
3239 Chesapeake Bay Ave,95616
3227 Chesapeake Bay Ave,95616
3215 Chesapeake Bay Ave,95616
3212 Chesapeake Bay Ave,95616
3339 Biscayne Bay Pl,95616
1325 Marina Cir,95616
1349 Marine Cir,95616
3333 Victoria Pl,95616
3307 Victoria Pl,95616
3314 Victoria Pl,95616
3213 Shelter Cove Ave,95616
3207 Shelter Cove Ave,95616
1222 Marina Cir,95616
3306 Canoe Pl,95616
1204 Marina Cir,95616
3413 Whaler Ave,95616
3414 Whaler Ave,95616
3309 Whaler Ave,95616
3123 Beacon Bay Pl,95616
3117 Beacon Bay Pl,95616
3104 Beacon Bay Pl,95616
3122 Beacon Bay Pl,95616
3101 Evening Bay Pl,95616
3205 Trawler Pl,95616
716 Marina Cir,95616
3312 Bermuda Ave,95616
3306 Bermuda Ave,95616
667 Jerome St,95616
649 Jerome St,95616
639 Jerome St,95616
629 Jerome St,95616
613 Jerome St,95616
605 Jerome St,95616
627 Marina Cir,95616
621 Marina Cir,95616
609 Marina Cir,95616
605 Hubble St,95616
504 Hubble St,95616
3421 Breton Ave,95616
3415 Breton Ave,95616
614 Hubble St,95616
602 Hubble St,95616
510 Hubble St,95616
3301 Jerome St,95616
3212 Jerome St,95616
3103 Jerome St,95616
506 Jerome St,95616
607 Portsmouth Ave,95616
622 Portsmouth Ave,95616
640 Portsmouth Ave,95616
646 Portsmouth Ave,95616
658 Portsmouth Ave,95616
655 Portsmouth Ave,95616
3160 Woods Circle,95616
3016 Woods Cir,95616
3121 Oyster Bay Ave,95616
3025 Oyster Bay Ave,95616
3032 Oyster Bay Ave,95616
3019 Oyster Bay Ave,95616
1431 Lake Blvd,95616
1425 Lake Blvd,95616
3140 Chesapeake Bay Ave,95616
3128 Chesapeake Bay Ave,95616
3117 Chesapeake Bay Ave,95616
3111 Chesapeake Bay Ave,95616
1440 Marina Cir,95616
3124 Shelter Cove Pl,95616
3127 Shelter Cove Pl,95616
3110 Shelter Cove Pl,95616
639 Lake Terrace Cir,95616
1950 Lake Blvd,95616
18 Estero Bay Ct,95616
2934 Boathouse Ave,95616
2936 Coho Pl,95616
2930 Coho Pl,95616
2918 Coho Pl,95616
2911 Coho Pl,95616
1637 Westshore St,95616
2810 Del Mar Pl,95616
2804 Del Mar Pl,95616
2935 Avila Bay Pl,95616
2929 Avila Bay Pl,95616
1623 Westhore St,95616
1621 Westshore St,95616
2904 Tiber Ave,95616
1603 Westshore St,95616
1604 Westshore St,95616
2803 Tiber Ave,95616
2808 Tiber Ave,95616
2802 Tiber Ave,95616
2725 Tiber Ave,95616
1417 Garrison St,95616
1418 Garrison St,95616
1406 Garrison St,95616
2740 Rubicon Ave,95616
2722 Rubicon Ave,95616
2718 Ottowa Ave,95616
923 Bienville St,95616
2746 Hatteras Pl,95616
2728 Hatteras Pl,95616
2747 Ganges Pl,95616
2735 Ganges Pl,95616
2723 Ganges Pl,95616
2762 Ganges Pl,95616
2712 Ganges Pl,95616
2755 Feather Pl,95616
2720 Feather Pl,95616
2715 Eel Pl,95616
1006 Bienville St,95616
2810 Ganges Ave,95616
2748 Eel Pl,95616
2827 Danube Ave,95616
2719 Danube Ave,95616
2701 Danube Ave,95616
2726 Danube Ave,95616
2728 Brandywine Pl,95616
2716 Brandywine Pl,95616
2715 Portage Bay E,95616
2640 Portage Bay E,95616
2365 Glacier Place,95616
2363 Glacier Place,95616
2361 Glacier Place,95616
2366 Glacier Place,95616
2364 Glacier Place,95616
2346 Glacier Place,95616
2340 Glacier Place,95616
2334 Glacier Place,95616
2339 Glacier Place,95616
2367 Isle Royale Ln,95616
2337 Isle Royale Ln,95616
2331 Isle Royale Ln,95616
2301 Isle Royale Ln,95616
2356 Isle Royale Ln,95616
2326 Isle Royale Ln,95616
2308 Isle Royale Ln,95616
2337 Bryce Ln,95616
2325 Bryce Ln,95616
2360 Bryce Ln,95616
2335 Lassen Pl,95616
2305 Lassen Pl,95616
2312 Lassen Pl,95616
2306 Shenandoah Pl,95616
2300 Shenandoah Pl,95616
2301 Muir Woods Pl,95616
2553 Oakenshield Rd,95616
2515 Oakenshield Rd,95616
2318 Oakenshield Rd,95616
2411 Bombadil Ln,95616
2329 Goldberry Ln,95616
2317 Goldberry Ln,95616
2504 Bombadil Ln,95616
2418 Bombadil Ln,95616
2308 Goldberry Ln,95616
2302 Goldberry Ln,95616
2538 Westernesse Rd,95616
2505 Westernesse Rd,95616
2413 Westernesse Rd,95616
2407 Westernesse Rd,95616
2319 Poppy Ln,95616
2313 Poppy Ln,95616
2318 Poppy Ln,95616
2312 Poppy Ln,95616
2300 Poppy Ln,95616
2520 Westernesse Rd,95616
2432 Westernesse Rd,95616
2414 Westernesse Rd,95616
2402 Westernesse Rd,95616
2537 Overhill Ln,95616
2531 Overhill Ln,95616
2507 Overhill Ln,95616
2409 Overhill Ln,95616
2502 Overhill Ln,95616
2423 Creekhollow Ln,95616
2434 Creekhollow Ln,95616
2428 Creekhollow Ln,95616
2422 Creekhollow Ln,95616
2318 Bree Ln,95616
2419 Rivendell Ln,95616
2436 Rivendell Ln,95616
2424 Rivendell Ln,95616
2418 Rivendell Ln,95616
2441 Bucklebury Rd,95616
2417 Bucklebury Rd,95616
2416 Bucklebury Rd,95616
2313 Shire Ln,95616
2301 Shire Ln,95616
2312 Shire Ln,95616
2437 Elendil Ln,95616
2431 Elendil Ln,95616
2413 Elendil Ln,95616
2407 Elendil Ln,95616
2401 Elendil Ln,95616
2317 Elendil Ln,95616
2305 Elendil Ln,95616
2436 Elendil Ln,95616
2414 Elendil Ln,95616
2312 Elendil Ln,95616
2419 Evenstar Ln,95616
2413 Evenstar Ln,95616
2407 Evenstar Ln,95616
2241 Isle Royale Ln,95616
2235 Isle Royale Ln,95616
2229 Isle Royale Ln,95616
2217 Isle Royale Ln,95616
2232 Isle Royale Ln,95616
2220 Isle Royale Ln,95616
2214 Isle Royale Ln,95616
2233 Bryce Ln,95616
2227 Bryce Ln,95616
2221 Bryce Ln,95616
2215 Bryce Ln,95616
2234 Bryce Ln,95616
2228 Bryce Ln,95616
2222 Bryce Ln,95616
2204 Bryce Ln,95616
2237 Lassen Pl,95616
2231 Lassen Pl,95616
2219 Lassen Pl,95616
2230 Lassen Pl,95616
2218 Lassen Pl,95616
2212 Lassen Pl,95616
2240 Shenandoah Pl,95616
2211 Shenandoah Pl,95616
2216 Shenandoah Pl,95616
2245 Muir Woods Pl,95616
2233 Muir Woods Pl,95616
2203 Muir Woods Pl,95616
2222 Muir Woods Pl,95616
1716 Olympic Dr,95616
1704 Olympic Dr,95616
1702 Olympic Dr,95616
1614 Olympic Dr,95616
1600 Olympic Dr,95616
2124 Saratoga Pl,95616
1533 Olympic Dr,95616
2107 St Elias Pl,95616
2134 St Elias Pl,95616
2132 Everglades Pl,95616
2137 Dinosaur Pl,95616
2119 Dinosaur Pl,95616
2113 Dinosaru Pl,95616
1822 White Sands Ln,95616
1843 Rushmore Ln,95616
1836 Rushmore Ln,95616
1822 Carlsbad Pl,95616
1827 Point Reyes Pl,95616
1815 Point Reyes Pl,95616
1838 Point Reyes Pl,95616
1831 Tahoe Pl,95616
1819 Tahoe Pl,95616
1807 Tahoe Pl,95616
1617 El Capitan St,95616
1611 El Capitan St,95616
1509 El Capitan St,95616
1586 Pinnacles Pl,95616
1574 Pinnacles Pl,95616
1579 Pinnacles Pl,95616
1747 De Soto Pl,95616
1762 Colorado Ln,95616
1768 Colorado Ln,95616
1532 Pinnacles St,95616
1514 Pinnacles St,95616
1502 Pinnacles St,95616
1478 Pinnacles St,95616
1466 Pinnacles St,95616
1406 Pinnacles St,95616
1645 Santa Rosa St,95616
1723 Hampton Dr,95616
1718 Van Damme Dr,95616
1712 Van Damme Dr,95616
1706 Van Damme Dr,95616
1700 Van Damme Dr,95616
1602 Van Damme Dr,95616
1713 Van Damme Dr,95616
1623 Van Damme Dr,95616
1528 Santa Rosa St,95616
1619 Cape Cod Ct,95616
1514 Cape Cod St,95616
1502 Cape Cod St,95616
1433 Crystal Grove Ln,95616
1421 Crystal Grove Ln,95616
1415 Crystal Grove Ln,95616
1418 Yukon St,95616
1406 Yukon St,95616
2205 Butte Pl,95616
2211 Butte Pl,95616
2217 Alameda Ave,95616
2214 Alameda Ave,95616
2202 Alameda Ave,95616
631 Fillmore St,95616
646 Fillmore St,95616
634 Fillmore St,95616
628 Fillmore St,95616
2108 Alameda Ave,95616
512 Fillmore Ct,95616
607 Eisenhower St,95616
513 Eisenhower St,95616
500 Eisenhower St,95616
506 Eisenhower St,95616
621 Cooldige St,95616
609 Coolidge St,95616
504 Coolidge St,95616
1911 Alpine Pl,95616
1918 Alpine Pl,95616
611 Cleveland St,95616
624 Cleveland St,95616
627 Buchanan St,95616
1819 Amador Ave,95616
32 F St,95616
3333 F St,95616
14 Anderson Rd,95616
15 Anderson Rd,95616
16 Anderson Rd,95616
18 Anderson Rd,95616
369 Sandpiper Dr,95616
361 Sandpiper Dr,95616
353 Sandpiper Dr,95616
345 Sandpiper Dr,95616
331 Sandpiper Dr,95616
325 Sandpiper Dr,95616
301 Sandpiper Dr,95616
212 Sandpiper Dr,95616
224 Sandpiper Dr,95616
208 Sandpiper Dr,95616
426 Sandpiper Dr,95616
414 Sandpiper Dr,95616
3509 Curlew St,95616
370 Sandpiper Dr,95616
364 Sandpiper Dr,95616
358 Sandpiper Dr,95616
352 Sandpiper Dr,95616
346 Sandpiper Dr,95616
340 Sandpiper Dr,95616
332 Sandpiper Dr,95616
324 Sandpiper Dr,95616
316 Sandpiper Dr,95616
300 Sandpiper Dr,95616
435 Merganser Pl,95616
417 Merganser Pl,95616
325 Merganser Pl,95616
313 Merganser Pl,95616
301 Merganser Pl,95616
229 Pintail Pl,95616
217 Pintail Pl,95616
211 Pintail Pl,95616
207 Pintail Pl,95616
434 Merganser Pl,95616
428 Merganser Pl,95616
416 Merganser Pl,95616
318 Merganser Pl,95616
204 Pintail Pl,95616
209 Tern Pl,95616
250 Tern Pl,95616
220 Tern Pl,95616
226 Avicet Ave,95616
419 Heron Pl,95616
432 Heron Pl,95616
414 Heron Pl,95616
429 Avocet Ave,95616
405 Avocet Ave,95616
436 Avocet Ave,95616
418 Avocet Ave,95616
316 Avocet Ave,95616
310 Avocet Ave,95616
303 Avocet Ave,95616
309 Avocet Ave,95616
315 Avocet Ave,95616
3208 Curlew St,95616
715 Mockingbird Pl,95616
709 Mockingbird Pl,95616
613 Mockingbird Pl,95616
529 Mockingbird Pl,95616
523 Mockingbird Pl,95616
612 Mockingbird Pl,95616
600 Mockingbird Pl,95616
504 Mockingbird Pl,95616
725 Waxwing Pl,95616
609 Waxwing Pl,95616
521 Waxwing Pl,95616
722 Waxwing Pl,95616
710 Waxwing Pl,95616
704 Waxwing Pl,95616
606 Waxwing Pl,95616
3410 Tanager Ave,95616
508 Waxwing Pl,95616
605 Robin Pl,95616
714 Robin Pl,95616
702 Robin Pl,95616
718 Oriole Ave,95616
614 Oriole Ave,95616
602 Oriole Ave,95616
3207 Magpie St,95616
3206 Magpie St,95616
3212 Magpie St,95616
3224 Magpie St,95616
3301 Grosbeak Ct,95616
3331 Grosbeak Ct,95616
3337 Grosbeak Ct,95616
3334 Grosbeak Ct,95616
3322 Grosbeak Ct,95616
3316 Grosbeak Ct,95616
3215 Grosbeak Ct,95616
3202 Grosbeak Ct,95616
3203 Grosbeak Ct,95616
3214 Grosbeak Ct,95616
607 Flicker Ave,95616
521 Flicker Ave,95616
503 Flicker Ave,95616
727 Harrier Pl,95616
715 Harrier Pl,95616
708 Harrier Pl,95616
824 Harrier Pl,95616
818 Harrier Pl,95616
3110 Kite St,95616
720 Harrier Pl,95616
714 Harrier Pl,95616
805 Peregrine Ave,95616
719 Peregrine Ave,95616
816 Peregrine Ave,95616
810 Peregrine Ave,95616
724 Peregrine Ave,95616
718 Peregrine Ave,95616
712 Peregrine Ave,95616
723 Kestrel Pl,95616
719 Kestrel Pl,95616
826 Kestrel Pl,95616
814 Kestrel Pl,95616
808 Kestrel Pl,95616
716 Kestrel Pl,95616
704 Kestrel Pl,95616
825 Falcon Ave,95616
819 Falcon Ave,95616
807 Falcon Ave,95616
715 Falcon Ave,95616
836 Falcon Ave,95616
830 Falcon Ave,95616
818 Falcon Ave,95616
806 Falcon Ave,95616
714 Falcon Ave,95616
1021 Eagle Pl,95616
1016 Eagle Pl,95616
1010 Eagle Pl,95616
1127 Valencia Ave,95616
1121 Valencia Ave,95616
2806 Condor Ct,95616
1102 Valencia Ave,95616
861 Malaga Ave,95616
849 Malaga Ave,95616
843 Malaga Ave,95616
825 Malaga Ave,95616
819 Malaga Ave,95616
813 Malaga Ave,95616
807 Malaga Ave,95616
801 Malaga Ave,95616
2817 Almeria St,95616
709 Malaga Ave,95616
854 Malaga Ave,95616
848 Malaga Ave,95616
818 Malaga Ave,95616
2710 Almeria St,95616
808 Valencia Ave,95616
728 Valencia Ave,95616
722 Valencia Ave,95616
1135 Pamplona Ave,95616
1129 Pamplona Ave,95616
1003 Pamplona Ave,95616
907 Pamplona Ave,95616
815 Pamplona Ave,95616
2702 Cadiz St,95616
714 Pamplona Ave,95616
904 Pamplona Ave,95616
3111 Northfield Ct,95616
1315 N Davis Farms Rd,95616
1316 N Davis Farms Rd,95616
1338 N Davis Farms Rd,95616
1230 Southfield Ct,95616
1389 Cassel Ln,95616
1377 Cassel Ln,95616
1347 Cassel Ln,95616
1335 Cassel Ln,95616
1323 Cassel Ln,95616
1317 Cassel Ln,95616
1311 Cassel Ln,95616
1324 Cassel Ln,95616
1318 Cassel Ln,95616
3057 Cassel Pl,95616
3051 Cassel Pl,95616
3050 Cassel Pl,95616
3056 Cassel Pl,95616
1310 Cassel Pl,95616
1112 Westfield Terrace,95616
1100 Westfield Terrace,95616
1207 Southfield Ct,95616
1213 Soutfield Ct,95616
618 Flicker Ave,95616
612 Flicker Ave,95616
3108 Finch St,95616
532 Flicker Ave,95616
520 Flicker Ave,95616
514 Flicker Ave,95616
641 Bluebird Pl,95616
640 Bluebird Pl,95616
3102 Finch St,95616
513 Bluebird Pl,95616
501 Bluebird Pl,95616
622 Bluebird Pl,95616
604 Bluebird Pl,95616
530 Bluebird Pl,95616
512 Bluebird Pl,95616
506 Bluebird Pl,95616
500 Bluebird Pl,95616
513 Isla Pl,95616
501 Isla Pl,95616
532 Isla Pl,95616
514 Isla Pl,95616
631 Hermosa Pl,95616
533 Hermosa Pl,95616
503 Hermosa Pl,95616
540 Hermosa Pl,95616
528 Hermosa Pl,95616
522 Hermosa Pl,95616
516 Hermosa Pl,95616
510 Hermosa Pl,95616
504 Hermosa Pl,95616
3015 Catalina Dr,95616
3020 Catalina Dr,95616
3014 Catalina Dr,95616
2916 Catalina Dr,95616
2908 Corona Dr,95616
2806 Corona Dr,95616
2800 Corona Dr,95616
2536 Corona Dr,95616
2524 Corona Dr,95616
2512 Corona Dr,95616
684 Flamenco Pl,95616
661 Flamenco Pl,95616
6807 Corona Dr,95616
2801 Corona Dr,95616
659 Equador Pl,95616
677 Equador Pl,95616
670 Equador Pl,95616
664 Equador Pl,95616
658 Equador Pl,95616
663 Diego Pl,95616
669 Diego Pl,95616
675 Diego Pl,95616
674 Diego Pl,95616
707 Hacienda Ave,95616
1029 Hacienda Ave,95616
1036 Hacienda Ave,95616
1018 Hacienda Ave,95616
2607 Madrid St,95616
2601 Madrid Ct,95616
2513 Madrid Ct,95616
2402 Madrid Ct,95616
816 Hacienda Ave,95616
810 Hacienda Ave,95616
804 Hacienda Ave,95616
722 Barcelona Ave,95616
708 Barcelona Ave,95616
715 Barcelona Ave,95616
706 Hacienda Ave,95616
700 Hacienda Ave,95616
2909 Anza Ave,95616
3023 Anza Ave,95616
3029 Anza Ave,95616
3035 Anza Ave,95616
335 Norte Ave,95616
406 Iris Pl,95616
400 Iris Pl,95616
411 Jardin Pl,95616
421 Lago Pl,95616
3009 Mercedes Ave,95616
308 Hidalgo Pl,95616
314 Hidalgo Pl,95616
331 Hidalgo Pl,95616
325 Hidalgo Pl,95616
325 Leon Pl,95616
328 Leon Pl,95616
322 Leon Pl,95616
310 Leon Pl,95616
306 Leon Pl,95616
437 Grande Ave,95616
425 Grande Ave,95616
331 Grande Ave,95616
313 Grande Ave,95616
301 Grande Ave,95616
436 Grande Ave,95616
328 Grande Ave,95616
322 Grande Ave,95616
304 Grande Ave,95616
435 Fiesta Ave,95616
417 Fiesta Ave,95616
327 Fiesta Ave,95616
309 Fiesta Ave,95616
428 Fiesta Ave,95616
410 Fiesta Ave,95616
404 Fiesta Ave,95616
332 Fiesta Ave,95616
308 Fiesta Ave,95616
427 Encina Ave,95616
421 Encina Ave,95616
335 Encina Ave,95616
438 Encina Ave,95616
402 Encina Ave,95616
318 Encina Ave,95616
407 Del Oro Ave,95616
401 Del Oro Ave,95616
325 Del Oro Ave,95616
438 Del Oro Ave,95616
330 Del Oro Ave,95616
324 Del Oro Ave,95616
312 Del Oro Ave,95616
439 Cabrillo Ave,95616
433 Cabrillo Ave,95616
415 Cabrillo Ave,95616
335 Cabrillo Ave,95616
434 Cabrillo Ave,95616
428 Cabrillo Ave,95616
326 Cabrillo Ave,95616
308 Cabrillo Ave,95616
302 Cabrillo Ave,95616
413 Balboa Ave,95616
325 Balboa Ave,95616
403 Anza Ave,95616
318 Anza Ave,95616
2818 Anza Ave,95616
2801 Catalina Dr,95616
2721 Catalina Dr,95616
2715 Catalina Dr,95616
2613 Catalina Dr,95616
2601 Catalina Dr,95616
2305 Catalina Dr,95616
2712 Anza Ave,95616
2706 Anza Ave,95616
2614 Anza Ave,95616
2608 Anza Ave,95616
2516 Anza Ave,95616
2809 Anza Ave,95616
2721 Anza Ave,95616
2715 Anza Ave,95616
2709 Anza Ave,95616
2503 Anza Ave,95616
2413 Anza Ave,95616
2407 Anza Ave,95616
602 Cordova Pl,95616
604 Barbera Pl,95616
2225 Anza Ave,95616
606 Francisco Pl,95616
615 Francisco Pl,95616
618 Francisco Pl,95616
619 Estrella Pl,95616
631 Estrella Pl,95616
620 Estrella Pl,95616
632 Estrella Pl,95616
629 Del Oro Pl,95616
624 Del Oro Pl,95616
639 Cordova Pl,95616
621 Cordova Pl,95616
620 Cordova Pl,95616
608 Cordova Pl,95616
619 Barbera Pl,95616
607 Barbera Pl,95616
610 Barbera Pl,95616
216 Lindo Pl,95616
210 Lindo Pl,95616
238 Inca Pl,95616
232 Inca Pl,95616
202 Inca Pl,95616
275 Grande Ave,95616
263 Inca Pl,95616
270 Grande Ave,95616
264 Grande Ave,95616
260 Grande Ave,95616
256 Grande Ave,95616
252 Grande Ave,95616
248 Grande Ave,95616
244 Grande Ave,95616
240 Grande Ave,95616
2708 Mercedes Ave,95616
275 Florencia Pl,95616
269 Florencia Pl,95616
263 Florencia Pl,95616
257 Florencia Pl,95616
251 Florencia Pl,95616
239 Florencia Pl,95616
274 Florencia Pl,95616
268 Florencia Pl,95616
250 Florencia Pl,95616
271 Mercedes Ct,95616
246 Mercedes Ct,95616
240 Mercedes Ct,95616
221 Luz Pl,95616
215 Luz Pl,95616
216 Luz Pl,95616
225 Grande Ave,95616
236 Grande Ave,95616
230 Grande Ave,95616
224 Grande Ave,95616
218 Grande Ave,95616
118 Grande Ave,95616
203 Jalisco Pl,95616
131 Jalisco Pl,95616
101 Jalisco Pl,95616
226 Jalisco Pl,95616
202 Jalisco Pl,95616
144 Jalisco Pl,95616
235 Ipanema Pl,95616
205 Ipanema Pl,95616
147 Ipanema Pl,95616
141 Ipanema Pl,95616
135 Ipanema Pl,95616
111 Ipanema Pl,95616
204 Ipanema Pl,95616
136 Ipanema Pl,95616
130 Ipanema Pl,95616
124 Ipanema Pl,95616
118 Ipanema Pl,95616
112 Ipanema Pl,95616
237 Huerta Pl,95616
221 Huerta Pl,95616
101 Huerta Pl,95616
230 Huerta Pl,95616
218 Huerta Pl,95616
212 Huerta Pl,95616
132 Huerta Pl,95616
128 Huerta Pl,95616
122 Huerta Pl,95616
104 Huerta Pl,95616
237 Guyamas Pl,95616
231 Guyamas Pl,95616
213 Guyamas Pl,95616
207 Guyamas Pl,95616
201 Guyamas Pl,95616
109 Guyamas Pl,95616
107 Guyamas Pl,95616
103 Guyamas Pl,95616
230 Guyamas Pl,95616
206 Guyamas Pl,95616
120 Guyamas Pl,95616
112 Guyamas Pl,95616
100 Guyamas Pl,95616
233 Faro Ave,95616
221 Faro Ave,95616
119 Faro Ave,95616
208 Faro Ave,95616
202 Faro Ave,95616
235 El Cajon Ave,95616
223 El Cajon Ave,95616
217 El Cajon Ave,95616
240 El Cajon Ave,95616
2617 Amapola Dr,95616
2407 Amapola Dr,95616
2401 Amapola Dr,95616
2616 Amapola Dr,95616
2516 Amapola Dr,95616
2402 Amapola Dr,95616
2402 Bueno Dr,95616
2340 Bueno Dr,95616
233 Diablo Ave,95616
221 Diable Ave,95616
226 Diablo Ave,95616
231 Cortez Ave,95616
225 Cortez Ave,95616
2503 Bueno Dr,95616
277 Baja Ave,95616
223 Baja Ave,95616
215 Aurora Ave,95616
2209 Alto Ct,95616
2119 Bueno Dr,95616
2217 Amar Ct,95616
2214 Del Rey Ct,95616
2105 Camino Ct,95616
683 Bianco Ct,95616
664 Bianco Ct,95616
652 Bianco Ct,95616
2204 Fortuna Ct,95616
2112 Fortuna Ct,95616
2113 Fortuna Ct,95616
759 Bianco Ct,95616
722 Bianco Ct,95616
2713 Quail St,95616
2928 Quail St,95616
1219 Elk Pl,95616
1215 Impala Pl,95616
1235 Gazelle Pl,95616
1204 Gazelle Pl,95616
1234 Gazelle Pl,95616
1219 Caribou Pl,95616
1207 Caribou Pl,95616
1237 Antelope Ave,95616
1225 Antelope Ave,95616
1208 Antelope Ave,95616
860 Pierce Ln,95616
866 Pierce Ln,95616
872 Pierce Ln,95616
878 Pierce Ln,95616
884 Pierce Ln,95616
890 Pierce Ln,95616
896 Pierce Ln,95616
920 Pierce Ln,95616
869 Pierce Ln,95616
875 Pierce Ln,95616
881 Pierce Ln,95616
887 Pierce Ln,95616
893 Pierce Ln,95616
927 Pierce Ln,95616
933 Pierce Ln,95616
939 Pierce Ln,95616
951 Pierce Ln,95616
963 Pierce Ln,95616
975 Pierce Ln,95616
983 Pierce Ln,95616
989 Pierce Ln,95616
995 Pierce Ln,95616
1007 Pierce Ln,95616
1013 Pierce Ln,95616
1025 Pierce Ln,95616
1031 Pierce Ln,95616
1037 Pierce Ln,95616
1043 Pierce Ln,95616
1049 Pierce Ln,95616
1055 Pierce Ln,95616
1061 Pierce Ln,95616
1068 Pierce Ln,95616
1074 Pierce Ln,95616
1080 Pierce Ln,95616
1086 Pierce Ln,95616
2063 Cannery Loop,95616
2057 Cannery Loop,95616
2051 Cannery Loop,95616
2045 Cannery Loop,95616
2039 Cannery Loop,95616
2033 Cannery Loop,95616
2027 Cannery Loop,95616
2021 Cannery Loop,95616
1975 Cannery Loop,95616
1967 Cannery Loop,95616
1959 Cannery Loop,95616
1951 Cannery Loop,95616
1943 Cannery Loop,95616
1935 Cannery Loop,95616
1927 Cannery Loop,95616
1919 Cannery Loop,95616
1911 Cannery Loop,95616
2050 Cannery Loop,95616
2056 Cannery Loop,95616
2062 Cannery Loop,95616
2068 Cannery Loop,95616
2074 Cannery Loop,95616
2044 Cannery Loop,95616
2038 Cannery Loop,95616
2032 Cannery Loop,95616
2026 Cannery Loop,95616
2102 Cannery Loop,95616
2108 Cannery Loop,95616
2114 Cannery Loop,95616
2120 Cannery Loop,95616
2212 Cannery Loop,95616
2218 Cannery Loop,95616
909 Woodbury Ln,95616
915 Woodbury Ln,95616
921 Woodbury Ln,95616
927 Woodbury Ln,95616
937 Woodbury Ln,95616
941 Woodbury Ln,95616
947 Woodbury Ln,95616
953 Woodbury Ln,95616
965 Woodbury Ln,95616
906 Woodbury Ln,95616
912 Woodbury Ln,95616
924 Woodbury Ln,95616
930 Woodbury Ln,95616
936 Woodbury Ln,95616
942 Woodbury Ln,95616
948 Woodbury Ln,95616
1781 Heirloom St,95616
1775 Heirloom St,95616
1769 Heirloom St,95616
907 Stebbins Ln,95616
913 Stebbins Ln,95616
919 Stebbins Ln,95616
931 Stebbins Ln,95616
949 Stebbins Ln,95616
961 Stebbins Ln,95616
967 Stebbins Ln,95616
1057 Forbes Ln,95616
1051 Forbes Ln,95616
1037 Forbes Ln,95616
1031 Forbes Ln,95616
1025 Forbes Ln,95616
1019 Forbes Ln,95616
1013 Forbes Ln,95616
1007 Forbes Ln,95616
1001 Forbes Ln,95616
1009 Dolcini Ln,95616
1015 Dolcini Ln,95616
1064 Dolcini Ln,95616
1058 Dolcini Ln,95616
1052 Dolcini Ln,95616
1026 Dolcini Ln,95616
1014 Dolcini Ln,95616
1008 Dolcini Ln,95616
1007 Bringhurst Ln,95616
1013 Bringhurst Ln,95616
1019 Bringhurst Ln,95616
1025 Bringhurst Ln,95616
1051 Bringhurst Ln,95616
1057 Bringhurst Ln,95616
1063 Bringhurst Ln,95616
1751 Cannery Loop,95616
39788 Sharon Ave,95616
39870 Sharon Ave,95616
39900 Sharon Ave,95616
39855 Sharon Ave,95616
39811 Sharon Ave,95616
39717 Sharon Ave,95616
39702 Barry Rd,95616
39846 Barry Rd,95616
39915 Barry Rd,95616
39861 Barry Rd,95616
39843 Barry Rd,95616
